threads,time_seconds
1,7.584816476
2,6.404653019
3,12.706503272
4,9.514979133
5,7.824504038
6,8.001586537
7,7.069493404
8,7.455503106
9,7.817457763
10,8.203686268
11,7.744442915
12,7.845314393
13,8.051972863
14,7.980102112
15,8.052615742
16,6.994163406
