threads,time_seconds
1,15.365142697
2,18.539355248
3,16.192314169
4,13.021200852
5,13.358285595
6,14.731407654
7,14.573681065
8,13.372008626
9,13.079844209
10,15.105108978
11,13.245531687
12,14.739443924
13,12.913277578
14,14.777988161
15,15.247992758
16,12.891210386
