threads,time_seconds
1,9.275327754
2,4.544761207
3,3.428241816
4,2.609965043
5,2.004274765
6,1.391732783
7,2.780651169
8,1.822611588
9,2.436234555
10,2.44145087
11,2.171564933
12,1.155686702
13,2.06529403
14,2.859657869
15,1.226662058
16,0.997882158
